primitive,n_obs,n_models,n_families,n_families_multi_scale,pooled_slope,pooled_intercept,pooled_r2,pooled_slope_ci_lo,pooled_slope_ci_hi,family_fe_slope,family_fe_r2,mixed_slope,mixed_slope_se,mixed_n_families
Causal,39,39,12,10,-0.12115444864520138,1.399169941138104,0.21497023362431,-0.19138400871381403,-0.047412569203236644,-0.13405929527755697,0.6439680386127056,-0.12518779527112195,0.07654604921352741,10
Moral,39,39,12,10,0.027788759628100367,-0.17407395042461146,0.0176078889040594,-0.01981956574403332,0.07196929409131779,-0.0005202189353662907,0.33562583117928624,0.025298250862517288,0.03495608315745595,10
Null,38,38,12,10,-0.19028990044173122,1.9901611895039066,0.12930237756010998,-0.3114660222524473,-0.061215947162265076,-0.15264032902478913,0.37983817442055057,-0.1894551513124617,0.13793495181217214,10
Spatial,39,39,12,10,0.03828055867190331,-0.18869632683347703,0.057319428885628576,-0.00844263029805578,0.09693594275759318,0.029341351064510815,0.395907158833977,0.04204861972704421,0.04623199657095116,10
Strategic,38,38,12,10,-0.07686229328762403,1.1553358200952732,0.066143586401056,-0.16438755949771677,0.011115006720938264,-0.11812035761170231,0.4027069041939435,-0.08976198169561149,0.053292414020681717,10
ToM,39,39,12,10,0.05262922438664835,-0.39014136003744215,0.09391762117463753,0.008440702217099959,0.0863744840627132,0.028285498651670224,0.5870420838965056,0.032761600331785455,0.031355937661293715,10
