{
  "Cybersecurity": {
    "n": 34,
    "r2_cv": 0.40404330223875795,
    "r2_baseline": 0.3730164833152545,
    "delta_r2_cv": 0.031026818923503452,
    "betas": {
      "ToM_CA": -0.017718938149191465,
      "Causal_CA": -0.05601784027751257,
      "Strategic_CA": -0.041753875572356644,
      "ToM_target": 0.0903653828312814,
      "Causal_target": 0.07225211394256424,
      "Strategic_target": 0.06327061023046816,
      "Null_CA": 0.029869810210521517,
      "Null_target": 0.010642712110629499
    },
    "primitives": [
      "ToM_CA",
      "Causal_CA",
      "Strategic_CA"
    ]
  },
  "Medical": {
    "n": 35,
    "r2_cv": 0.6165005404625274,
    "r2_baseline": 0.12929624134207718,
    "delta_r2_cv": 0.48720429912045027,
    "betas": {
      "Causal_CA": -0.0647012195733217,
      "Moral_CA": 0.02177855699006902,
      "Spatial_CA": 0.02373840884988692,
      "Causal_target": 0.1825898071120561,
      "Moral_target": 0.12885807168649027,
      "Spatial_target": 0.0581991934346285,
      "Null_CA": -0.056866333826693455,
      "Null_target": 0.10527580469943591
    },
    "primitives": [
      "Causal_CA",
      "Moral_CA",
      "Spatial_CA"
    ]
  },
  "Legal": {
    "n": 36,
    "r2_cv": -0.11051916116275673,
    "r2_baseline": -0.06337706291060252,
    "delta_r2_cv": -0.04714209825215421,
    "betas": {
      "Moral_CA": 0.08640260616660324,
      "Moral_target": 0.017701576827947648,
      "Null_CA": -0.029215905882421,
      "Null_target": 0.006012683429278779
    },
    "primitives": [
      "Moral_CA"
    ]
  },
  "Safety": {
    "n": 36,
    "r2_cv": 0.6325491564165452,
    "r2_baseline": 0.4005869878388876,
    "delta_r2_cv": 0.2319621685776576,
    "betas": {
      "ToM_CA": -0.02523908623551176,
      "Moral_CA": -0.013544579494356952,
      "Strategic_CA": -0.002020561042852609,
      "ToM_target": 0.09780263364199221,
      "Moral_target": 0.12552522079948938,
      "Strategic_target": 0.09377887209486763,
      "Null_CA": 0.011767379530057631,
      "Null_target": -0.020530097980631774
    },
    "primitives": [
      "ToM_CA",
      "Moral_CA",
      "Strategic_CA"
    ]
  },
  "Financial": {
    "n": 35,
    "r2_cv": 0.1673412028915462,
    "r2_baseline": -0.013296066976731247,
    "delta_r2_cv": 0.18063726986827744,
    "betas": {
      "ToM_CA": -0.0017339895690313765,
      "Causal_CA": -0.005463691179699914,
      "Strategic_CA": 0.021527704283076408,
      "ToM_target": 0.02749796746610798,
      "Causal_target": 0.03899025054420153,
      "Strategic_target": 0.011727993147062634,
      "Null_CA": -0.04937873830037305,
      "Null_target": 0.05180517969273132
    },
    "primitives": [
      "ToM_CA",
      "Causal_CA",
      "Strategic_CA"
    ]
  },
  "Diplomacy": {
    "n": 36,
    "r2_cv": 0.010671541634985293,
    "r2_baseline": NaN,
    "delta_r2_cv": null,
    "betas": {
      "Null_CA": -0.024460009420090825,
      "Null_target": 0.015864532844225267
    },
    "primitives": []
  },
  "Scientific": {
    "n": 35,
    "r2_cv": 0.3508948228571016,
    "r2_baseline": 0.36676552419508535,
    "delta_r2_cv": -0.01587070133798374,
    "betas": {
      "ToM_CA": -0.00035107500222416964,
      "Causal_CA": -0.1272100901581503,
      "Spatial_CA": 0.06903236961389787,
      "ToM_target": 0.1897939049723108,
      "Causal_target": 0.1670284176463102,
      "Spatial_target": 0.04284392618674923,
      "Null_CA": 0.021978793168744286,
      "Null_target": 0.044727902592076214
    },
    "primitives": [
      "ToM_CA",
      "Causal_CA",
      "Spatial_CA"
    ]
  }
}