{
  "n_models": 42,
  "models": [
    "deepseek-r1-distill-qwen-7b",
    "deepseek-v2-lite",
    "falcon-40b",
    "falcon-7b",
    "falcon-mamba-7b",
    "falcon3-7b-base",
    "gemma-2-27b-it",
    "gemma-2-27b",
    "gemma-2-2b",
    "gemma-2-9b-it",
    "gemma-2-9b",
    "granite-3.0-8b",
    "granite-3.1-2b",
    "granite-3.1-8b",
    "llama-3-70b",
    "llama-3-8b",
    "llama-3.1-8b-instruct",
    "llama-3.2-1b",
    "llama-3.2-3b",
    "mamba-2.8b",
    "mistral-7b-instruct-v0.2",
    "mistral-7b",
    "mistral-nemo-12b-base",
    "olmo-2-13b",
    "olmo-2-7b",
    "olmo-7b",
    "phi-3-medium",
    "phi-3-mini",
    "phi-3.5-mini",
    "pythia-6.9b",
    "qwen-2-7b",
    "qwen-2.5-1.5b",
    "qwen-2.5-14b-instruct",
    "qwen-2.5-14b",
    "qwen-2.5-32b-instruct-awq",
    "qwen-2.5-3b",
    "qwen-2.5-7b",
    "smollm-1.7b",
    "smollm-360m",
    "yi-1.5-34b-chat",
    "yi-1.5-34b",
    "yi-1.5-9b"
  ],
  "results": {
    "cybermetric": {
      "X0_baseline": {
        "r2": 0.2715397151640465,
        "n": 27
      },
      "X1_CA_only": {
        "r2": 0.030989769117122923,
        "n": 27
      },
      "X2_CA_plus_target": {
        "r2": 0.4480970392158913,
        "n": 27
      },
      "X3_CA_plus_retain_cov": {
        "r2": 0.2540663828329073,
        "n": 27
      },
      "X4_normalized_CA": {
        "r2": 0.207798270021897,
        "n": 27
      },
      "X5_logit_CA": {
        "r2": 0.08453700545296039,
        "n": 27
      }
    },
    "legalbench": {
      "X0_baseline": {
        "r2": -0.08846948212407635,
        "n": 29
      },
      "X1_CA_only": {
        "r2": -0.05285180936345335,
        "n": 29
      },
      "X2_CA_plus_target": {
        "r2": -0.13081794929649138,
        "n": 29
      },
      "X3_CA_plus_retain_cov": {
        "r2": -0.06234166423000409,
        "n": 29
      },
      "X4_normalized_CA": {
        "r2": -0.16772431145885625,
        "n": 29
      },
      "X5_logit_CA": {
        "r2": -0.2655769725248214,
        "n": 29
      }
    },
    "finqa": {
      "X0_baseline": {
        "r2": -0.021635316881470024,
        "n": 41
      },
      "X1_CA_only": {
        "r2": 0.06740535936481351,
        "n": 41
      },
      "X2_CA_plus_target": {
        "r2": 0.1826708259460723,
        "n": 41
      },
      "X3_CA_plus_retain_cov": {
        "r2": 0.1367579620510918,
        "n": 41
      },
      "X4_normalized_CA": {
        "r2": 0.11777957603009614,
        "n": 41
      },
      "X5_logit_CA": {
        "r2": 0.03588624077642333,
        "n": 41
      }
    },
    "scienceqa": {
      "X0_baseline": {
        "r2": 0.2544764752879617,
        "n": 28
      },
      "X1_CA_only": {
        "r2": -0.003909296366592763,
        "n": 28
      },
      "X2_CA_plus_target": {
        "r2": 0.3856366544749267,
        "n": 28
      },
      "X3_CA_plus_retain_cov": {
        "r2": 0.20759720937384685,
        "n": 28
      },
      "X4_normalized_CA": {
        "r2": 0.39650237223661533,
        "n": 28
      },
      "X5_logit_CA": {
        "r2": 0.2630867980625802,
        "n": 28
      }
    },
    "medqa": {
      "X0_baseline": {
        "r2": 0.17194266913937584,
        "n": 40
      },
      "X1_CA_only": {
        "r2": 0.17815215341711843,
        "n": 40
      },
      "X2_CA_plus_target": {
        "r2": 0.6487140853708351,
        "n": 40
      },
      "X3_CA_plus_retain_cov": {
        "r2": 0.5086876290775142,
        "n": 40
      },
      "X4_normalized_CA": {
        "r2": 0.5361236194308108,
        "n": 40
      },
      "X5_logit_CA": {
        "r2": 0.05884207077124204,
        "n": 40
      }
    },
    "truthfulqa": {
      "X0_baseline": {
        "r2": 0.3000504223273964,
        "n": 41
      },
      "X1_CA_only": {
        "r2": 0.17908883968599376,
        "n": 41
      },
      "X2_CA_plus_target": {
        "r2": 0.7074516200056962,
        "n": 41
      },
      "X3_CA_plus_retain_cov": {
        "r2": 0.4696116649793911,
        "n": 41
      },
      "X4_normalized_CA": {
        "r2": 0.6406998092592061,
        "n": 41
      },
      "X5_logit_CA": {
        "r2": 0.2864379225471968,
        "n": 41
      }
    }
  }
}